,Start,End,Attenuation
0,A,B,0.0168503279066
1,A,C,0.00912343396715
2,A,D,0.0303737708524
3,B,A,0.0168503279066
4,B,C,0.00303303802043
5,B,D,0.00669908201343
6,C,A,0.00912343396715
7,C,B,0.00303303802043
8,C,D,0.0137089008524
9,D,A,0.0303737708524
10,D,B,0.00669908201343
11,D,C,0.0137089008524
