,Start,End,Attenuation
0,A,B,0.00250677326552
1,A,C,0.0146492809498
2,A,D,0.0231336147288
3,B,A,0.00250677326552
4,B,C,0.00425128775343
5,B,D,0.00195821509809
6,C,A,0.0146492809498
7,C,B,0.00425128775343
8,C,D,0.00485391383962
9,D,A,0.0231336147288
10,D,B,0.00195821509809
11,D,C,0.00485391383962
