,Start,End,Attenuation
0,A,B,0.0531403304413
1,A,C,0.00650265416241
2,A,D,0.00531260222652
3,B,A,0.0531403304413
4,B,C,0.00380678100232
5,B,D,0.00321494472732
6,C,A,0.00650265416241
7,C,B,0.00380678100232
8,C,D,0.0054471539288
9,D,A,0.00531260222652
10,D,B,0.00321494472732
11,D,C,0.0054471539288
