,Start,End,Attenuation
0,A,B,0.00137837103972
1,A,C,0.00200713006771
2,A,D,0.0110777588013
3,B,A,0.00137837103972
4,B,C,0.00702984253956
5,B,D,0.00193618966374
6,C,A,0.00200713006771
7,C,B,0.00702984253956
8,C,D,0.00193862499388
9,D,A,0.0110777588013
10,D,B,0.00193618966374
11,D,C,0.00193862499388
