,Start,End,Attenuation
0,A,B,0.00285056227182
1,A,C,0.0119097040802
2,A,D,0.0215633446526
3,B,A,0.00285056227182
4,B,C,0.00434228115099
5,B,D,0.00252357720904
6,C,A,0.0119097040802
7,C,B,0.00434228115099
8,C,D,0.0335212698567
9,D,A,0.0215633446526
10,D,B,0.00252357720904
11,D,C,0.0335212698567
