,Start,End,Attenuation
0,A,B,0.00328590270854
1,A,C,0.00949865897
2,A,D,0.0062498964968
3,B,A,0.00328590270854
4,B,C,0.00772839569005
5,B,D,0.00160943952656
6,C,A,0.00949865897
7,C,B,0.00772839569005
8,C,D,0.00204692536458
9,D,A,0.0062498964968
10,D,B,0.00160943952656
11,D,C,0.00204692536458
