,Start,End,Attenuation
0,A,B,0.00311516785649
1,A,C,0.00253128801302
2,A,D,0.00671461086287
3,B,A,0.00311516785649
4,B,C,0.0243454019257
5,B,D,0.0189978161241
6,C,A,0.00253128801302
7,C,B,0.0243454019257
8,C,D,0.0169565692876
9,D,A,0.00671461086287
10,D,B,0.0189978161241
11,D,C,0.0169565692876
