,Start,End,Attenuation
0,A,B,0.0146963842347
1,A,C,0.00744949007967
2,A,D,0.0227332769424
3,B,A,0.0146963842347
4,B,C,0.00735348799692
5,B,D,0.00690884328412
6,C,A,0.00744949007967
7,C,B,0.00735348799692
8,C,D,0.00301463046267
9,D,A,0.0227332769424
10,D,B,0.00690884328412
11,D,C,0.00301463046267
