,Start,End,Attenuation
0,A,B,0.0219994767678
1,A,C,0.0485166267001
2,A,D,0.0166484932224
3,B,A,0.0219994767678
4,B,C,0.0138744789431
5,B,D,0.00725307353192
6,C,A,0.0485166267001
7,C,B,0.0138744789431
8,C,D,0.0837001780767
9,D,A,0.0166484932224
10,D,B,0.00725307353192
11,D,C,0.0837001780767
