,Start,End,Attenuation
0,A,B,0.0509135627494
1,A,C,0.0184475112616
2,A,D,0.00672471197825
3,B,A,0.0509135627494
4,B,C,0.0109363333482
5,B,D,0.00992217978647
6,C,A,0.0184475112616
7,C,B,0.0109363333482
8,C,D,0.00271634190205
9,D,A,0.00672471197825
10,D,B,0.00992217978647
11,D,C,0.00271634190205
