,Start,End,Attenuation
0,A,B,0.0031856962737
1,A,C,0.0115705001509
2,A,D,0.00703565451726
3,B,A,0.0031856962737
4,B,C,0.00261689727482
5,B,D,0.00175464629022
6,C,A,0.0115705001509
7,C,B,0.00261689727482
8,C,D,0.0534037046953
9,D,A,0.00703565451726
10,D,B,0.00175464629022
11,D,C,0.0534037046953
