,Start,End,Attenuation
0,A,B,0.00907738316819
1,A,C,0.0269110742822
2,A,D,0.0404419076911
3,B,A,0.00907738316819
4,B,C,0.00551540279085
5,B,D,0.00637223457941
6,C,A,0.0269110742822
7,C,B,0.00551540279085
8,C,D,0.00864933435152
9,D,A,0.0404419076911
10,D,B,0.00637223457941
11,D,C,0.00864933435152
