,Start,End,Attenuation
0,A,B,0.00304179955233
1,A,C,0.007635138471
2,A,D,0.00561849622566
3,B,A,0.00304179955233
4,B,C,0.0163173376525
5,B,D,0.0435752188034
6,C,A,0.007635138471
7,C,B,0.0163173376525
8,C,D,0.0632863870377
9,D,A,0.00561849622566
10,D,B,0.0435752188034
11,D,C,0.0632863870377
