,Start,End,Attenuation
0,A,B,0.0195464701014
1,A,C,0.00346927286416
2,A,D,0.00760140313655
3,B,A,0.0195464701014
4,B,C,0.00640636119146
5,B,D,0.00357550087852
6,C,A,0.00346927286416
7,C,B,0.00640636119146
8,C,D,0.00258117433997
9,D,A,0.00760140313655
10,D,B,0.00357550087852
11,D,C,0.00258117433997
