,Start,End,Attenuation
0,A,B,0.0155682076245
1,A,C,0.0291696584892
2,A,D,0.00230642790891
3,B,A,0.0155682076245
4,B,C,0.190303724504
5,B,D,0.00600294434278
6,C,A,0.0291696584892
7,C,B,0.190303724504
8,C,D,0.00433327265586
9,D,A,0.00230642790891
10,D,B,0.00600294434278
11,D,C,0.00433327265586
