,Start,End,Attenuation
0,A,B,0.00399001345265
1,A,C,0.0248099747513
2,A,D,0.0189223854462
3,B,A,0.00399001345265
4,B,C,0.00529117464604
5,B,D,0.0030305587756
6,C,A,0.0248099747513
7,C,B,0.00529117464604
8,C,D,0.00563157582862
9,D,A,0.0189223854462
10,D,B,0.0030305587756
11,D,C,0.00563157582862
