,Start,End,Attenuation
0,A,B,0.00757071087617
1,A,C,0.00394749454799
2,A,D,0.00291160581615
3,B,A,0.00757071087617
4,B,C,0.0102521783439
5,B,D,0.00390993038409
6,C,A,0.00394749454799
7,C,B,0.0102521783439
8,C,D,0.0014944389075
9,D,A,0.00291160581615
10,D,B,0.00390993038409
11,D,C,0.0014944389075
