,Start,End,Attenuation
0,A,B,0.00946017047905
1,A,C,0.00376805544429
2,A,D,0.00341260437748
3,B,A,0.00946017047905
4,B,C,0.00386252640761
5,B,D,0.0061619859261
6,C,A,0.00376805544429
7,C,B,0.00386252640761
8,C,D,0.0229156159091
9,D,A,0.00341260437748
10,D,B,0.0061619859261
11,D,C,0.0229156159091
