,Start,End,Attenuation
0,A,B,0.00313288024517
1,A,C,0.00279133162713
2,A,D,0.00430351805258
3,B,A,0.00313288024517
4,B,C,0.0233201433872
5,B,D,0.00953296328084
6,C,A,0.00279133162713
7,C,B,0.0233201433872
8,C,D,0.0308732953949
9,D,A,0.00430351805258
10,D,B,0.00953296328084
11,D,C,0.0308732953949
