,Start,End,Attenuation
0,A,B,0.00315880699814
1,A,C,0.00449679424273
2,A,D,0.00708676655908
3,B,A,0.00315880699814
4,B,C,0.116688873307
5,B,D,0.00268746966359
6,C,A,0.00449679424273
7,C,B,0.116688873307
8,C,D,0.00330081948693
9,D,A,0.00708676655908
10,D,B,0.00268746966359
11,D,C,0.00330081948693
