,Start,End,Attenuation
0,A,B,0.0158073896911
1,A,C,0.00221235239035
2,A,D,0.0139065568442
3,B,A,0.0158073896911
4,B,C,0.00536706811372
5,B,D,0.0111033777178
6,C,A,0.00221235239035
7,C,B,0.00536706811372
8,C,D,0.00305155197118
9,D,A,0.0139065568442
10,D,B,0.0111033777178
11,D,C,0.00305155197118
