,Start,End,Attenuation
0,A,B,0.00466341561618
1,A,C,0.00228595493146
2,A,D,0.00957692636255
3,B,A,0.00466341561618
4,B,C,0.0203106573925
5,B,D,0.00495648541581
6,C,A,0.00228595493146
7,C,B,0.0203106573925
8,C,D,0.00325850107829
9,D,A,0.00957692636255
10,D,B,0.00495648541581
11,D,C,0.00325850107829
