,Start,End,Attenuation
0,A,B,0.0645937614759
1,A,C,0.00243758135315
2,A,D,0.0033913558656
3,B,A,0.0645937614759
4,B,C,0.0020831101837
5,B,D,0.00311450399259
6,C,A,0.00243758135315
7,C,B,0.0020831101837
8,C,D,0.0290729232731
9,D,A,0.0033913558656
10,D,B,0.00311450399259
11,D,C,0.0290729232731
