,Start,End,Attenuation
0,A,B,0.0035653293712
1,A,C,1.32593018179
2,A,D,0.00210470313043
3,B,A,0.0035653293712
4,B,C,0.00322689309471
5,B,D,0.0268515487902
6,C,A,1.32593018179
7,C,B,0.00322689309471
8,C,D,0.00194651467892
9,D,A,0.00210470313043
10,D,B,0.0268515487902
11,D,C,0.00194651467892
