,Start,End,Attenuation
0,A,B,0.00350316468353
1,A,C,0.00220750976413
2,A,D,0.00313350030357
3,B,A,0.00350316468353
4,B,C,0.00253802438013
5,B,D,0.291473458316
6,C,A,0.00220750976413
7,C,B,0.00253802438013
8,C,D,0.00212751157473
9,D,A,0.00313350030357
10,D,B,0.291473458316
11,D,C,0.00212751157473
