,Start,End,Attenuation
0,A,B,0.00659263524073
1,A,C,0.00322427081027
2,A,D,0.0346633718508
3,B,A,0.00659263524073
4,B,C,0.00293755436378
5,B,D,0.00453987270663
6,C,A,0.00322427081027
7,C,B,0.00293755436378
8,C,D,0.00189345582251
9,D,A,0.0346633718508
10,D,B,0.00453987270663
11,D,C,0.00189345582251
