,Start,End,Attenuation
0,A,B,0.00313540572622
1,A,C,0.00213295648126
2,A,D,0.22843543092
3,B,A,0.00313540572622
4,B,C,0.0554136538069
5,B,D,0.00255539326022
6,C,A,0.00213295648126
7,C,B,0.0554136538069
8,C,D,0.00178914048094
9,D,A,0.22843543092
10,D,B,0.00255539326022
11,D,C,0.00178914048094
