,Start,End,Attenuation
0,A,B,0.00114248383658
1,A,C,0.00923579227741
2,A,D,0.00389821867549
3,B,A,0.00114248383658
4,B,C,0.0021852244282
5,B,D,0.00327695870344
6,C,A,0.00923579227741
7,C,B,0.0021852244282
8,C,D,0.00497045463085
9,D,A,0.00389821867549
10,D,B,0.00327695870344
11,D,C,0.00497045463085
