,Start,End,Attenuation
0,A,B,0.00307284679231
1,A,C,0.0182363755291
2,A,D,0.00492747042009
3,B,A,0.00307284679231
4,B,C,0.00589913571594
5,B,D,0.0564828820577
6,C,A,0.0182363755291
7,C,B,0.00589913571594
8,C,D,0.0128653645837
9,D,A,0.00492747042009
10,D,B,0.0564828820577
11,D,C,0.0128653645837
