,Start,End,Attenuation
0,A,B,0.00749884489619
1,A,C,0.00367456794141
2,A,D,0.00248776530971
3,B,A,0.00749884489619
4,B,C,0.0103825440486
5,B,D,0.00723991344383
6,C,A,0.00367456794141
7,C,B,0.0103825440486
8,C,D,0.00242511461235
9,D,A,0.00248776530971
10,D,B,0.00723991344383
11,D,C,0.00242511461235
