,Start,End,Attenuation
0,A,B,0.00681150871559
1,A,C,0.00192312541153
2,A,D,0.0108693397062
3,B,A,0.00681150871559
4,B,C,0.00389371793543
5,B,D,0.0907655170275
6,C,A,0.00192312541153
7,C,B,0.00389371793543
8,C,D,0.00283883361533
9,D,A,0.0108693397062
10,D,B,0.0907655170275
11,D,C,0.00283883361533
