,Start,End,Attenuation
0,A,B,0.00706936167047
1,A,C,0.00319433601631
2,A,D,0.0098891105174
3,B,A,0.00706936167047
4,B,C,0.00931096234185
5,B,D,0.0221035416631
6,C,A,0.00319433601631
7,C,B,0.00931096234185
8,C,D,0.0171437513598
9,D,A,0.0098891105174
10,D,B,0.0221035416631
11,D,C,0.0171437513598
