,Start,End,Attenuation
0,A,B,0.0232368062667
1,A,C,0.0170432056376
2,A,D,0.00809989768285
3,B,A,0.0232368062667
4,B,C,0.371945995706
5,B,D,0.00348056470893
6,C,A,0.0170432056376
7,C,B,0.371945995706
8,C,D,0.00328035326603
9,D,A,0.00809989768285
10,D,B,0.00348056470893
11,D,C,0.00328035326603
