,Start,End,Attenuation
0,A,B,0.00391958520504
1,A,C,0.0206133391623
2,A,D,0.0029532168265
3,B,A,0.00391958520504
4,B,C,0.00210834058402
5,B,D,0.0221836435747
6,C,A,0.0206133391623
7,C,B,0.00210834058402
8,C,D,0.00158811795011
9,D,A,0.0029532168265
10,D,B,0.0221836435747
11,D,C,0.00158811795011
