,Start,End,Attenuation
0,A,B,0.0109909548716
1,A,C,0.0106080729568
2,A,D,0.0358899511148
3,B,A,0.0109909548716
4,B,C,0.00272555172705
5,B,D,0.0102477576227
6,C,A,0.0106080729568
7,C,B,0.00272555172705
8,C,D,0.00613684151503
9,D,A,0.0358899511148
10,D,B,0.0102477576227
11,D,C,0.00613684151503
