,Start,End,Attenuation
0,A,B,0.00572339985214
1,A,C,0.00855908780853
2,A,D,0.00459977882933
3,B,A,0.00572339985214
4,B,C,0.00281529755824
5,B,D,0.38217864697
6,C,A,0.00855908780853
7,C,B,0.00281529755824
8,C,D,0.00254284860043
9,D,A,0.00459977882933
10,D,B,0.38217864697
11,D,C,0.00254284860043
