,Start,End,Attenuation
0,A,B,0.00481961542518
1,A,C,0.0116478416046
2,A,D,0.00288520807952
3,B,A,0.00481961542518
4,B,C,0.0278623594706
5,B,D,0.00254654915562
6,C,A,0.0116478416046
7,C,B,0.0278623594706
8,C,D,0.00238524053541
9,D,A,0.00288520807952
10,D,B,0.00254654915562
11,D,C,0.00238524053541
