,Start,End,Attenuation
0,A,B,0.00303564896712
1,A,C,0.0138859826551
2,A,D,0.0259888087195
3,B,A,0.00303564896712
4,B,C,0.00607131124897
5,B,D,0.00675437453024
6,C,A,0.0138859826551
7,C,B,0.00607131124897
8,C,D,0.0590437339108
9,D,A,0.0259888087195
10,D,B,0.00675437453024
11,D,C,0.0590437339108
