,Start,End,Attenuation
0,A,B,0.00268712913963
1,A,C,0.171592204409
2,A,D,0.00703371169075
3,B,A,0.00268712913963
4,B,C,0.00351013184114
5,B,D,0.0151728885657
6,C,A,0.171592204409
7,C,B,0.00351013184114
8,C,D,0.010825648911
9,D,A,0.00703371169075
10,D,B,0.0151728885657
11,D,C,0.010825648911
