,Start,End,Attenuation
0,A,B,0.00825022411426
1,A,C,0.00243375052604
2,A,D,0.00175770199453
3,B,A,0.00825022411426
4,B,C,0.00635185768027
5,B,D,0.00501874206913
6,C,A,0.00243375052604
7,C,B,0.00635185768027
8,C,D,0.0291651566732
9,D,A,0.00175770199453
10,D,B,0.00501874206913
11,D,C,0.0291651566732
