,Start,End,Attenuation
0,A,B,0.00388559989257
1,A,C,0.00445665320189
2,A,D,0.0941522667198
3,B,A,0.00388559989257
4,B,C,0.00168645526908
5,B,D,0.00611686360833
6,C,A,0.00445665320189
7,C,B,0.00168645526908
8,C,D,0.00383215394529
9,D,A,0.0941522667198
10,D,B,0.00611686360833
11,D,C,0.00383215394529
