,Start,End,Attenuation
0,A,B,0.00213397170012
1,A,C,0.00418434981144
2,A,D,0.0112291415026
3,B,A,0.00213397170012
4,B,C,0.0190201136984
5,B,D,0.00298297710685
6,C,A,0.00418434981144
7,C,B,0.0190201136984
8,C,D,0.00817687317081
9,D,A,0.0112291415026
10,D,B,0.00298297710685
11,D,C,0.00817687317081
