,Start,End,Attenuation
0,A,B,0.00162827190746
1,A,C,0.0208417417784
2,A,D,0.00808368306996
3,B,A,0.00162827190746
4,B,C,0.00242439449337
5,B,D,0.00436788016401
6,C,A,0.0208417417784
7,C,B,0.00242439449337
8,C,D,0.00918204055686
9,D,A,0.00808368306996
10,D,B,0.00436788016401
11,D,C,0.00918204055686
