,Start,End,Attenuation
0,A,B,0.0972489847629
1,A,C,0.00390559071855
2,A,D,0.00279503178421
3,B,A,0.0972489847629
4,B,C,0.00346463597718
5,B,D,0.00294931853623
6,C,A,0.00390559071855
7,C,B,0.00346463597718
8,C,D,0.0139778474148
9,D,A,0.00279503178421
10,D,B,0.00294931853623
11,D,C,0.0139778474148
