,Start,End,Attenuation
0,A,B,0.00366910696459
1,A,C,0.020715273501
2,A,D,0.00329098467323
3,B,A,0.00366910696459
4,B,C,0.00344322973912
5,B,D,0.145427053705
6,C,A,0.020715273501
7,C,B,0.00344322973912
8,C,D,0.00281669758229
9,D,A,0.00329098467323
10,D,B,0.145427053705
11,D,C,0.00281669758229
