,Start,End,Attenuation
0,A,B,0.00289781040081
1,A,C,0.00872644867111
2,A,D,0.00194814492168
3,B,A,0.00289781040081
4,B,C,0.00656759285179
5,B,D,0.0138736548523
6,C,A,0.00872644867111
7,C,B,0.00656759285179
8,C,D,0.00258066963701
9,D,A,0.00194814492168
10,D,B,0.0138736548523
11,D,C,0.00258066963701
