,Start,End,Attenuation
0,A,B,0.00232482987808
1,A,C,0.00446277676893
2,A,D,0.00129080519172
3,B,A,0.00232482987808
4,B,C,0.0135563693708
5,B,D,0.0072477652017
6,C,A,0.00446277676893
7,C,B,0.0135563693708
8,C,D,0.00602960423885
9,D,A,0.00129080519172
10,D,B,0.0072477652017
11,D,C,0.00602960423885
