,Start,End,Attenuation
0,A,B,0.0275705630522
1,A,C,0.0409005947238
2,A,D,0.0109492507225
3,B,A,0.0275705630522
4,B,C,0.00862583314636
5,B,D,0.00464559840466
6,C,A,0.0409005947238
7,C,B,0.00862583314636
8,C,D,0.0138812050671
9,D,A,0.0109492507225
10,D,B,0.00464559840466
11,D,C,0.0138812050671
