,Start,End,Attenuation
0,A,B,0.00646681735941
1,A,C,0.00512807892259
2,A,D,0.0604340814172
3,B,A,0.00646681735941
4,B,C,0.0399829768946
5,B,D,0.011736234518
6,C,A,0.00512807892259
7,C,B,0.0399829768946
8,C,D,0.00999738579628
9,D,A,0.0604340814172
10,D,B,0.011736234518
11,D,C,0.00999738579628
