,Start,End,Attenuation
0,A,B,0.0225121623191
1,A,C,0.0252497292401
2,A,D,0.0158427824508
3,A,E,0.0189245944142
4,B,A,0.0225121623191
5,B,C,0.00730846117321
6,B,D,0.0052328678591
7,B,E,0.0181975011637
8,C,A,0.0252497292401
9,C,B,0.00730846117321
10,C,D,0.187831912869
11,C,E,0.00550810973476
12,D,A,0.0158427824508
13,D,B,0.0052328678591
14,D,C,0.187831912869
15,D,E,0.00455382465246
16,E,A,0.0189245944142
17,E,B,0.0181975011637
18,E,C,0.00550810973476
19,E,D,0.00455382465246
