,Start,End,Attenuation
0,A,B,0.0158708635852
1,A,C,0.00672457025636
2,A,D,0.015118499487
3,A,E,0.00587400621311
4,B,A,0.0158708635852
5,B,C,0.00294074795787
6,B,D,0.00730491693453
7,B,E,0.00352985006128
8,C,A,0.00672457025636
9,C,B,0.00294074795787
10,C,D,0.0170288906751
11,C,E,0.0271870178321
12,D,A,0.015118499487
13,D,B,0.00730491693453
14,D,C,0.0170288906751
15,D,E,0.0360505730834
16,E,A,0.00587400621311
17,E,B,0.00352985006128
18,E,C,0.0271870178321
19,E,D,0.0360505730834
