,Start,End,Attenuation
0,A,B,0.0028365371405
1,A,C,0.00522936173044
2,A,D,0.443469570936
3,A,E,0.0171954733142
4,B,A,0.0028365371405
5,B,C,0.00231209884708
6,B,D,0.00301376251222
7,B,E,0.00665864721398
8,C,A,0.00522936173044
9,C,B,0.00231209884708
10,C,D,0.00440724858277
11,C,E,0.00340350398884
12,D,A,0.443469570936
13,D,B,0.00301376251222
14,D,C,0.00440724858277
15,D,E,0.0231305855993
16,E,A,0.0171954733142
17,E,B,0.00665864721398
18,E,C,0.00340350398884
19,E,D,0.0231305855993
