,Start,End,Attenuation
0,A,B,0.00641927416106
1,A,C,0.0199840562635
2,A,D,0.00316868432284
3,A,E,0.0083742426905
4,B,A,0.00641927416106
5,B,C,0.00379017116366
6,B,D,0.00117581268017
7,B,E,0.00185431752383
8,C,A,0.0199840562635
9,C,B,0.00379017116366
10,C,D,0.00581805144829
11,C,E,0.011946814798
12,D,A,0.00316868432284
13,D,B,0.00117581268017
14,D,C,0.00581805144829
15,D,E,0.0158190810728
16,E,A,0.0083742426905
17,E,B,0.00185431752383
18,E,C,0.011946814798
19,E,D,0.0158190810728
