,Start,End,Attenuation
0,A,B,0.00465673239932
1,A,C,0.00201076872148
2,A,D,0.0109937092936
3,A,E,0.00253853040141
4,B,A,0.00465673239932
5,B,C,0.0016335300935
6,B,D,0.0349908359938
7,B,E,0.00144241047063
8,C,A,0.00201076872148
9,C,B,0.0016335300935
10,C,D,0.00172779993154
11,C,E,0.0220253581329
12,D,A,0.0109937092936
13,D,B,0.0349908359938
14,D,C,0.00172779993154
15,D,E,0.00169940608177
16,E,A,0.00253853040141
17,E,B,0.00144241047063
18,E,C,0.0220253581329
19,E,D,0.00169940608177
