,Start,End,Attenuation
0,A,B,0.0050635577704
1,A,C,0.0151081505835
2,A,D,0.0226093055265
3,A,E,0.0145302898491
4,B,A,0.0050635577704
5,B,C,0.00430133411725
6,B,D,0.00301121080413
7,B,E,0.00289290865423
8,C,A,0.0151081505835
9,C,B,0.00430133411725
10,C,D,0.0421644195926
11,C,E,0.0643533651523
12,D,A,0.0226093055265
13,D,B,0.00301121080413
14,D,C,0.0421644195926
15,D,E,0.245704235983
16,E,A,0.0145302898491
17,E,B,0.00289290865423
18,E,C,0.0643533651523
19,E,D,0.245704235983
