,Start,End,Attenuation
0,A,B,0.00604310369142
1,A,C,0.00298613162865
2,A,D,0.00371235810246
3,A,E,0.00274014727611
4,B,A,0.00604310369142
5,B,C,0.0337412936096
6,B,D,0.00272997456287
7,B,E,0.0053342250726
8,C,A,0.00298613162865
9,C,B,0.0337412936096
10,C,D,0.00201891674626
11,C,E,0.00494147486353
12,D,A,0.00371235810246
13,D,B,0.00272997456287
14,D,C,0.00201891674626
15,D,E,0.00832876731775
16,E,A,0.00274014727611
17,E,B,0.0053342250726
18,E,C,0.00494147486353
19,E,D,0.00832876731775
