,Start,End,Attenuation
0,A,B,0.00320636390014
1,A,C,0.00234597280367
2,A,D,0.00387990136989
3,A,E,0.00392866063991
4,B,A,0.00320636390014
5,B,C,0.103156041311
6,B,D,0.022515154944
7,B,E,0.12849914062
8,C,A,0.00234597280367
9,C,B,0.103156041311
10,C,D,0.012167053866
11,C,E,0.030866496171
12,D,A,0.00387990136989
13,D,B,0.022515154944
14,D,C,0.012167053866
15,D,E,0.0603608847397
16,E,A,0.00392866063991
17,E,B,0.12849914062
18,E,C,0.030866496171
19,E,D,0.0603608847397
