,Start,End,Attenuation
0,A,B,0.005215993565
1,A,C,0.014450877444
2,A,D,0.0291397340469
3,A,E,0.00299450225416
4,B,A,0.005215993565
5,B,C,0.00578917653902
6,B,D,0.00262086682621
7,B,E,0.0177713528777
8,C,A,0.014450877444
9,C,B,0.00578917653902
10,C,D,0.00606404472935
11,C,E,0.00249901243217
12,D,A,0.0291397340469
13,D,B,0.00262086682621
14,D,C,0.00606404472935
15,D,E,0.00186610889583
16,E,A,0.00299450225416
17,E,B,0.0177713528777
18,E,C,0.00249901243217
19,E,D,0.00186610889583
