,Start,End,Attenuation
0,A,B,0.02856480338
1,A,C,0.0932609435746
2,A,D,0.0036998907221
3,A,E,0.00482663956981
4,B,A,0.02856480338
5,B,C,0.0134680622036
6,B,D,0.00279607529449
7,B,E,0.0111129274136
8,C,A,0.0932609435746
9,C,B,0.0134680622036
10,C,D,0.00527779060512
11,C,E,0.00397999701881
12,D,A,0.0036998907221
13,D,B,0.00279607529449
14,D,C,0.00527779060512
15,D,E,0.00258612865112
16,E,A,0.00482663956981
17,E,B,0.0111129274136
18,E,C,0.00397999701881
19,E,D,0.00258612865112
