,Start,End,Attenuation
0,A,B,0.057012796477
1,A,C,0.0147306472604
2,A,D,0.00345767517881
3,A,E,0.00284805929835
4,B,A,0.057012796477
5,B,C,0.00659003717105
6,B,D,0.00587985655597
7,B,E,0.00303582521012
8,C,A,0.0147306472604
9,C,B,0.00659003717105
10,C,D,0.00156904193932
11,C,E,0.0017362856717
12,D,A,0.00345767517881
13,D,B,0.00587985655597
14,D,C,0.00156904193932
15,D,E,0.00318907358309
16,E,A,0.00284805929835
17,E,B,0.00303582521012
18,E,C,0.0017362856717
19,E,D,0.00318907358309
