,Start,End,Attenuation
0,A,B,0.00203196897838
1,A,C,0.00293088453779
2,A,D,0.00197242427558
3,A,E,0.00444259777796
4,B,A,0.00203196897838
5,B,C,0.00566094685826
6,B,D,0.00329998383485
7,B,E,0.00859985596208
8,C,A,0.00293088453779
9,C,B,0.00566094685826
10,C,D,0.0373247776264
11,C,E,0.0440046256034
12,D,A,0.00197242427558
13,D,B,0.00329998383485
14,D,C,0.0373247776264
15,D,E,0.0101371052007
16,E,A,0.00444259777796
17,E,B,0.00859985596208
18,E,C,0.0440046256034
19,E,D,0.0101371052007
