,Start,End,Attenuation
0,A,B,0.00869785821702
1,A,C,0.0165967504589
2,A,D,1.69901212463
3,A,E,0.374057727326
4,B,A,0.00869785821702
5,B,C,0.00358574486687
6,B,D,0.00905841388204
7,B,E,0.0100344724421
8,C,A,0.0165967504589
9,C,B,0.00358574486687
10,C,D,0.0138854862648
11,C,E,0.0113528585106
12,D,A,1.69901212463
13,D,B,0.00905841388204
14,D,C,0.0138854862648
15,D,E,1.22956059642
16,E,A,0.374057727326
17,E,B,0.0100344724421
18,E,C,0.0113528585106
19,E,D,1.22956059642
