,Start,End,Attenuation
0,A,B,0.00825343956782
1,A,C,0.0131076723513
2,A,D,0.030192562184
3,A,E,0.00289392619359
4,B,A,0.00825343956782
5,B,C,0.0816715748485
6,B,D,0.0188911495619
7,B,E,0.0020594585007
8,C,A,0.0131076723513
9,C,B,0.0816715748485
10,C,D,0.0635598428197
11,C,E,0.00191038764367
12,D,A,0.030192562184
13,D,B,0.0188911495619
14,D,C,0.0635598428197
15,D,E,0.00194243430385
16,E,A,0.00289392619359
17,E,B,0.0020594585007
18,E,C,0.00191038764367
19,E,D,0.00194243430385
