,Start,End,Attenuation
0,A,B,0.0132191631104
1,A,C,0.00193272751493
2,A,D,0.0238950986916
3,A,E,0.00518460067511
4,B,A,0.0132191631104
5,B,C,0.00504282411984
6,B,D,0.022350470737
7,B,E,0.0185915388851
8,C,A,0.00193272751493
9,C,B,0.00504282411984
10,C,D,0.00259874718962
11,C,E,0.00588839210149
12,D,A,0.0238950986916
13,D,B,0.022350470737
14,D,C,0.00259874718962
15,D,E,0.0145644671786
16,E,A,0.00518460067511
17,E,B,0.0185915388851
18,E,C,0.00588839210149
19,E,D,0.0145644671786
