,Start,End,Attenuation
0,A,B,0.0201718139511
1,A,C,0.00946713188697
2,A,D,0.00365738478891
3,A,E,0.00710471731237
4,B,A,0.0201718139511
5,B,C,0.00886103164257
6,B,D,0.0110329757771
7,B,E,0.00410724098486
8,C,A,0.00946713188697
9,C,B,0.00886103164257
10,C,D,0.00386559746877
11,C,E,0.0208312302021
12,D,A,0.00365738478891
13,D,B,0.0110329757771
14,D,C,0.00386559746877
15,D,E,0.00194340021635
16,E,A,0.00710471731237
17,E,B,0.00410724098486
18,E,C,0.0208312302021
19,E,D,0.00194340021635
