,Start,End,Attenuation
0,A,B,0.00352377261351
1,A,C,0.0108187947244
2,A,D,0.0267441884784
3,A,E,0.00981585144057
4,B,A,0.00352377261351
5,B,C,0.0191147840719
6,B,D,0.00248072922303
7,B,E,0.00272628868815
8,C,A,0.0108187947244
9,C,B,0.0191147840719
10,C,D,0.00562883666279
11,C,E,0.00539143862174
12,D,A,0.0267441884784
13,D,B,0.00248072922303
14,D,C,0.00562883666279
15,D,E,0.0345943968158
16,E,A,0.00981585144057
17,E,B,0.00272628868815
18,E,C,0.00539143862174
19,E,D,0.0345943968158
