,Start,End,Attenuation
0,A,B,0.0119658277618
1,A,C,0.00884294486769
2,A,D,0.00175536264225
3,A,E,0.00329630989479
4,B,A,0.0119658277618
5,B,C,0.00289455927447
6,B,D,0.00165065114448
7,B,E,0.00326744823795
8,C,A,0.00884294486769
9,C,B,0.00289455927447
10,C,D,0.00249837242299
11,C,E,0.00387734369828
12,D,A,0.00175536264225
13,D,B,0.00165065114448
14,D,C,0.00249837242299
15,D,E,0.0197281934387
16,E,A,0.00329630989479
17,E,B,0.00326744823795
18,E,C,0.00387734369828
19,E,D,0.0197281934387
