,Start,End,Attenuation
0,A,B,0.00395044119494
1,A,C,0.00353850024854
2,A,D,0.00242152760843
3,A,E,0.00585961429932
4,B,A,0.00395044119494
5,B,C,0.0104397457956
6,B,D,0.00921236557377
7,B,E,0.0122742170776
8,C,A,0.00353850024854
9,C,B,0.0104397457956
10,C,D,0.0704664156258
11,C,E,0.0712136376878
12,D,A,0.00242152760843
13,D,B,0.00921236557377
14,D,C,0.0704664156258
15,D,E,0.0184998079429
16,E,A,0.00585961429932
17,E,B,0.0122742170776
18,E,C,0.0712136376878
19,E,D,0.0184998079429
