,Start,End,Attenuation
0,A,B,0.0311467122047
1,A,C,0.00521232607908
2,A,D,0.00298809707961
3,A,E,0.00505371636061
4,B,A,0.0311467122047
5,B,C,0.0141166627015
6,B,D,0.00545428229152
7,B,E,0.0124147488736
8,C,A,0.00521232607908
9,C,B,0.0141166627015
10,C,D,0.0269122098186
11,C,E,0.015809708768
12,D,A,0.00298809707961
13,D,B,0.00545428229152
14,D,C,0.0269122098186
15,D,E,0.00528511312155
16,E,A,0.00505371636061
17,E,B,0.0124147488736
18,E,C,0.015809708768
19,E,D,0.00528511312155
