,Start,End,Attenuation
0,A,B,0.0100847691939
1,A,C,0.00232422648827
2,A,D,0.00634717334996
3,A,E,0.0157098637039
4,B,A,0.0100847691939
5,B,C,0.00337970371856
6,B,D,0.0620985033426
7,B,E,0.00669849920259
8,C,A,0.00232422648827
9,C,B,0.00337970371856
10,C,D,0.00532042215561
11,C,E,0.00485565480965
12,D,A,0.00634717334996
13,D,B,0.0620985033426
14,D,C,0.00532042215561
15,D,E,0.00663762373639
16,E,A,0.0157098637039
17,E,B,0.00669849920259
18,E,C,0.00485565480965
19,E,D,0.00663762373639
