,Start,End,Attenuation
0,A,B,0.0117708678748
1,A,C,0.00331817870501
2,A,D,0.00520642255936
3,A,E,0.00705864685874
4,B,A,0.0117708678748
5,B,C,0.00249870173929
6,B,D,0.0025648731181
7,B,E,0.00231593835011
8,C,A,0.00331817870501
9,C,B,0.00249870173929
10,C,D,0.0188902451097
11,C,E,0.00357249471162
12,D,A,0.00520642255936
13,D,B,0.0025648731181
14,D,C,0.0188902451097
15,D,E,0.0108057233238
16,E,A,0.00705864685874
17,E,B,0.00231593835011
18,E,C,0.00357249471162
19,E,D,0.0108057233238
