,Start,End,Attenuation
0,A,B,0.00433542288774
1,A,C,0.00222560840333
2,A,D,0.0261707133917
3,A,E,0.0077905448008
4,B,A,0.00433542288774
5,B,C,0.0267803352241
6,B,D,0.00694057782546
7,B,E,0.0567303721049
8,C,A,0.00222560840333
9,C,B,0.0267803352241
10,C,D,0.00331546542836
11,C,E,0.0101656611614
12,D,A,0.0261707133917
13,D,B,0.00694057782546
14,D,C,0.00331546542836
15,D,E,0.0163849713866
16,E,A,0.0077905448008
17,E,B,0.0567303721049
18,E,C,0.0101656611614
19,E,D,0.0163849713866
