,Start,End,Attenuation
0,A,B,0.00258586077102
1,A,C,0.00295020796003
2,A,D,0.00223673489852
3,A,E,0.00493019217092
4,B,A,0.00258586077102
5,B,C,0.00885152810051
6,B,D,0.0360127072539
7,B,E,0.0119834725076
8,C,A,0.00295020796003
9,C,B,0.00885152810051
10,C,D,0.0220288189864
11,C,E,0.00383685356634
12,D,A,0.00223673489852
13,D,B,0.0360127072539
14,D,C,0.0220288189864
15,D,E,0.00537629190222
16,E,A,0.00493019217092
17,E,B,0.0119834725076
18,E,C,0.00383685356634
19,E,D,0.00537629190222
