,Start,End,Attenuation
0,A,B,0.00329545642544
1,A,C,0.124874972187
2,A,D,0.0055553657061
3,A,E,0.0152347743099
4,B,A,0.00329545642544
5,B,C,0.00245294409008
6,B,D,0.00754668917795
7,B,E,0.00234998117211
8,C,A,0.124874972187
9,C,B,0.00245294409008
10,C,D,0.0042971084297
11,C,E,0.0134235223076
12,D,A,0.0055553657061
13,D,B,0.00754668917795
14,D,C,0.0042971084297
15,D,E,0.00238672413503
16,E,A,0.0152347743099
17,E,B,0.00234998117211
18,E,C,0.0134235223076
19,E,D,0.00238672413503
