,Start,End,Attenuation
0,A,B,0.00152846906875
1,A,C,0.00668983456904
2,A,D,0.00323274153322
3,A,E,0.00933464394943
4,B,A,0.00152846906875
5,B,C,0.0021609315373
6,B,D,0.00230287122344
7,B,E,0.0023004445622
8,C,A,0.00668983456904
9,C,B,0.0021609315373
10,C,D,0.0340847767476
11,C,E,0.00295455805454
12,D,A,0.00323274153322
13,D,B,0.00230287122344
14,D,C,0.0340847767476
15,D,E,0.00193799894542
16,E,A,0.00933464394943
17,E,B,0.0023004445622
18,E,C,0.00295455805454
19,E,D,0.00193799894542
