,Start,End,Attenuation
0,A,B,0.00213971327748
1,A,C,0.0152558368295
2,A,D,0.0306204579486
3,A,E,0.025322658872
4,B,A,0.00213971327748
5,B,C,0.00222881751581
6,B,D,0.00267597771624
7,B,E,0.00423332865838
8,C,A,0.0152558368295
9,C,B,0.00222881751581
10,C,D,0.00609697130724
11,C,E,0.0111780497154
12,D,A,0.0306204579486
13,D,B,0.00267597771624
14,D,C,0.00609697130724
15,D,E,0.0332550930176
16,E,A,0.025322658872
17,E,B,0.00423332865838
18,E,C,0.0111780497154
19,E,D,0.0332550930176
