,Start,End,Attenuation
0,A,B,0.0235507760016
1,A,C,0.00259515474842
2,A,D,0.00651542912977
3,A,E,0.00334957200663
4,B,A,0.0235507760016
5,B,C,0.00183251894422
6,B,D,0.00338538728513
7,B,E,0.00405295442961
8,C,A,0.00259515474842
9,C,B,0.00183251894422
10,C,D,0.0164756089856
11,C,E,0.00373069953034
12,D,A,0.00651542912977
13,D,B,0.00338538728513
14,D,C,0.0164756089856
15,D,E,0.00390434487694
16,E,A,0.00334957200663
17,E,B,0.00405295442961
18,E,C,0.00373069953034
19,E,D,0.00390434487694
