,Start,End,Attenuation
0,A,B,0.00197639255402
1,A,C,0.00340774399359
2,A,D,0.0017581766856
3,A,E,0.00587376496662
4,B,A,0.00197639255402
5,B,C,0.00318336822213
6,B,D,0.0206042231397
7,B,E,0.00272472498665
8,C,A,0.00340774399359
9,C,B,0.00318336822213
10,C,D,0.00540927303168
11,C,E,0.0494273930941
12,D,A,0.0017581766856
13,D,B,0.0206042231397
14,D,C,0.00540927303168
15,D,E,0.00368897349226
16,E,A,0.00587376496662
17,E,B,0.00272472498665
18,E,C,0.0494273930941
19,E,D,0.00368897349226
