,Start,End,Attenuation
0,A,B,0.00556076862059
1,A,C,0.0203293811731
2,A,D,0.00446338918572
3,A,E,0.00354604154454
4,B,A,0.00556076862059
5,B,C,0.0124841494207
6,B,D,0.393795569566
7,B,E,0.00611331192843
8,C,A,0.0203293811731
9,C,B,0.0124841494207
10,C,D,0.00961257120265
11,C,E,0.00316924859548
12,D,A,0.00446338918572
13,D,B,0.393795569566
14,D,C,0.00961257120265
15,D,E,0.00549063297911
16,E,A,0.00354604154454
17,E,B,0.00611331192843
18,E,C,0.00316924859548
19,E,D,0.00549063297911
