,Start,End,Attenuation
0,A,B,0.0338196308026
1,A,C,0.0262902748019
2,A,D,0.00386788005698
3,A,E,0.0138468817589
4,B,A,0.0338196308026
5,B,C,0.0124837331026
6,B,D,0.0039350802579
7,B,E,0.0242256478179
8,C,A,0.0262902748019
9,C,B,0.0124837331026
10,C,D,0.00202059677095
11,C,E,0.0221249800529
12,D,A,0.00386788005698
13,D,B,0.0039350802579
14,D,C,0.00202059677095
15,D,E,0.00200553488092
16,E,A,0.0138468817589
17,E,B,0.0242256478179
18,E,C,0.0221249800529
19,E,D,0.00200553488092
