,Start,End,Attenuation
0,A,B,0.00281642754891
1,A,C,0.00281290474159
2,A,D,0.00545551859417
3,A,E,0.0145412085957
4,B,A,0.00281642754891
5,B,C,0.00329341127835
6,B,D,0.0349702807092
7,B,E,0.00358090209318
8,C,A,0.00281290474159
9,C,B,0.00329341127835
10,C,D,0.00436886455544
11,C,E,0.00876044000139
12,D,A,0.00545551859417
13,D,B,0.0349702807092
14,D,C,0.00436886455544
15,D,E,0.00715181924263
16,E,A,0.0145412085957
17,E,B,0.00358090209318
18,E,C,0.00876044000139
19,E,D,0.00715181924263
