,Start,End,Attenuation
0,A,B,0.00409978269471
1,A,C,0.00443542137021
2,A,D,0.00722182178215
3,A,E,0.00464753041978
4,B,A,0.00409978269471
5,B,C,0.0379096959957
6,B,D,0.0569875103202
7,B,E,0.023928990548
8,C,A,0.00443542137021
9,C,B,0.0379096959957
10,C,D,0.0214048141983
11,C,E,0.00823542352263
12,D,A,0.00722182178215
13,D,B,0.0569875103202
14,D,C,0.0214048141983
15,D,E,0.0412564313034
16,E,A,0.00464753041978
17,E,B,0.023928990548
18,E,C,0.00823542352263
19,E,D,0.0412564313034
