,Start,End,Attenuation
0,A,B,0.0239516391822
1,A,C,0.0205833714966
2,A,D,0.00833420631591
3,A,E,0.00980651222548
4,B,A,0.0239516391822
5,B,C,2.84095893243
6,B,D,0.00329715381871
7,B,E,0.00635945823328
8,C,A,0.0205833714966
9,C,B,2.84095893243
10,C,D,0.0031146425288
11,C,E,0.00629889964508
12,D,A,0.00833420631591
13,D,B,0.00329715381871
14,D,C,0.0031146425288
15,D,E,0.00506049878353
16,E,A,0.00980651222548
17,E,B,0.00635945823328
18,E,C,0.00629889964508
19,E,D,0.00506049878353
