,Start,End,Attenuation
0,A,B,0.00212170303815
1,A,C,0.0363035091895
2,A,D,0.0246256488124
3,A,E,0.0132941579672
4,B,A,0.00212170303815
5,B,C,0.00142603099548
6,B,D,0.0029025692985
7,B,E,0.00506564803725
8,C,A,0.0363035091895
9,C,B,0.00142603099548
10,C,D,0.0125605756595
11,C,E,0.00617128442953
12,D,A,0.0246256488124
13,D,B,0.0029025692985
14,D,C,0.0125605756595
15,D,E,0.0479809818011
16,E,A,0.0132941579672
17,E,B,0.00506564803725
18,E,C,0.00617128442953
19,E,D,0.0479809818011
