,Start,End,Attenuation
0,A,B,0.00921496338027
1,A,C,0.00646775529264
2,A,D,0.00672010976545
3,A,E,0.010811110052
4,B,A,0.00921496338027
5,B,C,0.00292490787493
6,B,D,0.013735806795
7,B,E,0.00881240233205
8,C,A,0.00646775529264
9,C,B,0.00292490787493
10,C,D,0.00582604254542
11,C,E,0.0135288193165
12,D,A,0.00672010976545
13,D,B,0.013735806795
14,D,C,0.00582604254542
15,D,E,0.0460032196454
16,E,A,0.010811110052
17,E,B,0.00881240233205
18,E,C,0.0135288193165
19,E,D,0.0460032196454
