,Start,End,Attenuation
0,A,B,0.00753048322848
1,A,C,0.00862235523371
2,A,D,0.0113177391986
3,A,E,0.0305653197035
4,B,A,0.00753048322848
5,B,C,0.00255633632822
6,B,D,0.00303125535359
7,B,E,0.0281386109344
8,C,A,0.00862235523371
9,C,B,0.00255633632822
10,C,D,0.0034550122513
11,C,E,0.00425071027528
12,D,A,0.0113177391986
13,D,B,0.00303125535359
14,D,C,0.0034550122513
15,D,E,0.00629941461038
16,E,A,0.0305653197035
17,E,B,0.0281386109344
18,E,C,0.00425071027528
19,E,D,0.00629941461038
