,Start,End,Attenuation
0,A,B,0.00468434483275
1,A,C,0.00253112021534
2,A,D,0.00644222768002
3,A,E,0.00453846868107
4,B,A,0.00468434483275
5,B,C,0.00228293516841
6,B,D,0.00382019850946
7,B,E,0.00151798788566
8,C,A,0.00253112021534
9,C,B,0.00228293516841
10,C,D,0.0181744350176
11,C,E,0.00448500526235
12,D,A,0.00644222768002
13,D,B,0.00382019850946
14,D,C,0.0181744350176
15,D,E,0.00771567906975
16,E,A,0.00453846868107
17,E,B,0.00151798788566
18,E,C,0.00448500526235
19,E,D,0.00771567906975
