,Start,End,Attenuation
0,A,B,0.00568757279276
1,A,C,0.0157721707838
2,A,D,0.00226994030386
3,A,E,0.0263581529245
4,B,A,0.00568757279276
5,B,C,0.00661500736946
6,B,D,0.00295398304557
7,B,E,0.0190338597979
8,C,A,0.0157721707838
9,C,B,0.00661500736946
10,C,D,0.00584394782692
11,C,E,0.0214397537654
12,D,A,0.00226994030386
13,D,B,0.00295398304557
14,D,C,0.00584394782692
15,D,E,0.00317371226403
16,E,A,0.0263581529245
17,E,B,0.0190338597979
18,E,C,0.0214397537654
19,E,D,0.00317371226403
