,Start,End,Attenuation
0,A,B,0.00276152631997
1,A,C,0.0331931775546
2,A,D,0.00681235698786
3,A,E,0.00677068763118
4,B,A,0.00276152631997
5,B,C,0.00390591905707
6,B,D,0.0202866945661
7,B,E,0.00970480760652
8,C,A,0.0331931775546
9,C,B,0.00390591905707
10,C,D,0.0101439222414
11,C,E,0.00669105217914
12,D,A,0.00681235698786
13,D,B,0.0202866945661
14,D,C,0.0101439222414
15,D,E,0.0399005380309
16,E,A,0.00677068763118
17,E,B,0.00970480760652
18,E,C,0.00669105217914
19,E,D,0.0399005380309
