,Start,End,Attenuation
0,A,B,0.00428782404927
1,A,C,0.00268264106303
2,A,D,0.00166912861027
3,A,E,0.00499341285928
4,B,A,0.00428782404927
5,B,C,0.0188111735383
6,B,D,0.00703075526918
7,B,E,0.0046225284756
8,C,A,0.00268264106303
9,C,B,0.0188111735383
10,C,D,0.0364260142176
11,C,E,0.00661335656815
12,D,A,0.00166912861027
13,D,B,0.00703075526918
14,D,C,0.0364260142176
15,D,E,0.00403639854737
16,E,A,0.00499341285928
17,E,B,0.0046225284756
18,E,C,0.00661335656815
19,E,D,0.00403639854737
