,Start,End,Attenuation
0,A,B,0.00194623120771
1,A,C,0.0030053558351
2,A,D,1.26543723068
3,A,E,0.00352298943127
4,B,A,0.00194623120771
5,B,C,0.00520765872268
6,B,D,0.00207296968737
7,B,E,0.005852540739
8,C,A,0.0030053558351
9,C,B,0.00520765872268
10,C,D,0.00332114482326
11,C,E,0.372077455076
12,D,A,1.26543723068
13,D,B,0.00207296968737
14,D,C,0.00332114482326
15,D,E,0.00392608984722
16,E,A,0.00352298943127
17,E,B,0.005852540739
18,E,C,0.372077455076
19,E,D,0.00392608984722
