,Start,End,Attenuation
0,A,B,0.00209139143185
1,A,C,0.00303745551814
2,A,D,0.024468505736
3,A,E,0.00242890117279
4,B,A,0.00209139143185
5,B,C,0.0140676820772
6,B,D,0.00408366856312
7,B,E,0.00694580091366
8,C,A,0.00303745551814
9,C,B,0.0140676820772
10,C,D,0.00704031611722
11,C,E,0.0558391451519
12,D,A,0.024468505736
13,D,B,0.00408366856312
14,D,C,0.00704031611722
15,D,E,0.00473561531727
16,E,A,0.00242890117279
17,E,B,0.00694580091366
18,E,C,0.0558391451519
19,E,D,0.00473561531727
