,Start,End,Attenuation
0,A,B,0.00151532354717
1,A,C,0.0184700904054
2,A,D,0.0123740690533
3,A,E,0.00266228377814
4,B,A,0.00151532354717
5,B,C,0.00295119350342
6,B,D,0.00354507027643
7,B,E,0.00598123612139
8,C,A,0.0184700904054
9,C,B,0.00295119350342
10,C,D,0.154690878157
11,C,E,0.00602895456956
12,D,A,0.0123740690533
13,D,B,0.00354507027643
14,D,C,0.154690878157
15,D,E,0.00572227233604
16,E,A,0.00266228377814
17,E,B,0.00598123612139
18,E,C,0.00602895456956
19,E,D,0.00572227233604
