,Start,End,Attenuation
0,A,B,0.484518039179
1,A,C,0.00308789218978
2,A,D,0.00410245294889
3,A,E,0.00628359964217
4,B,A,0.484518039179
5,B,C,0.00278419317828
6,B,D,0.00344035239544
7,B,E,0.00512378817166
8,C,A,0.00308789218978
9,C,B,0.00278419317828
10,C,D,0.0050946158219
11,C,E,0.00302224595857
12,D,A,0.00410245294889
13,D,B,0.00344035239544
14,D,C,0.0050946158219
15,D,E,0.0269377998525
16,E,A,0.00628359964217
17,E,B,0.00512378817166
18,E,C,0.00302224595857
19,E,D,0.0269377998525
