,Start,End,Attenuation
0,A,B,0.0035985057018
1,A,C,0.178910589792
2,A,D,0.00273754352956
3,A,E,0.00638025300194
4,B,A,0.0035985057018
5,B,C,0.00318620564416
6,B,D,0.00719573063491
7,B,E,0.00333007808914
8,C,A,0.178910589792
9,C,B,0.00318620564416
10,C,D,0.00287819387644
11,C,E,0.00847858436632
12,D,A,0.00273754352956
13,D,B,0.00719573063491
14,D,C,0.00287819387644
15,D,E,0.00812306087403
16,E,A,0.00638025300194
17,E,B,0.00333007808914
18,E,C,0.00847858436632
19,E,D,0.00812306087403
