,Start,End,Attenuation
0,A,B,0.00501815428611
1,A,C,0.0442072286742
2,A,D,0.00202047124838
3,A,E,0.00259193702709
4,B,A,0.00501815428611
5,B,C,0.00635707448286
6,B,D,0.0131083736449
7,B,E,0.0271579824715
8,C,A,0.0442072286742
9,C,B,0.00635707448286
10,C,D,0.00260320739397
11,C,E,0.00290547643296
12,D,A,0.00202047124838
13,D,B,0.0131083736449
14,D,C,0.00260320739397
15,D,E,0.0184366228266
16,E,A,0.00259193702709
17,E,B,0.0271579824715
18,E,C,0.00290547643296
19,E,D,0.0184366228266
