,Start,End,Attenuation
0,A,B,0.00322278729267
1,A,C,0.00458863220616
2,A,D,0.00325373370536
3,A,E,0.00196434705301
4,B,A,0.00322278729267
5,B,C,0.00532039996735
6,B,D,0.0279097271323
7,B,E,0.0407814307583
8,C,A,0.00458863220616
9,C,B,0.00532039996735
10,C,D,0.0133527973811
11,C,E,0.00337419939999
12,D,A,0.00325373370536
13,D,B,0.0279097271323
14,D,C,0.0133527973811
15,D,E,0.0135193665808
16,E,A,0.00196434705301
17,E,B,0.0407814307583
18,E,C,0.00337419939999
19,E,D,0.0135193665808
