,Start,End,Attenuation
0,A,B,0.00866429925664
1,A,C,0.0104669684286
2,A,D,0.0042243135873
3,A,E,0.00254541853368
4,B,A,0.00866429925664
5,B,C,0.150090379702
6,B,D,0.00799719884475
7,B,E,0.00294271055384
8,C,A,0.0104669684286
9,C,B,0.150090379702
10,C,D,0.0124078257755
11,C,E,0.00389416262578
12,D,A,0.0042243135873
13,D,B,0.00799719884475
14,D,C,0.0124078257755
15,D,E,0.0176132120615
16,E,A,0.00254541853368
17,E,B,0.00294271055384
18,E,C,0.00389416262578
19,E,D,0.0176132120615
