,Start,End,Attenuation
0,A,B,0.00568277704316
1,A,C,0.0067657544312
2,A,D,0.0480030474032
3,A,E,0.047806326474
4,B,A,0.00568277704316
5,B,C,0.0550286266076
6,B,D,0.00646953488914
7,B,E,0.0118729440272
8,C,A,0.0067657544312
9,C,B,0.0550286266076
10,C,D,0.0101321672954
11,C,E,0.0118903214789
12,D,A,0.0480030474032
13,D,B,0.00646953488914
14,D,C,0.0101321672954
15,D,E,0.0233853411818
16,E,A,0.047806326474
17,E,B,0.0118729440272
18,E,C,0.0118903214789
19,E,D,0.0233853411818
