,srcapp,port,demand
0,1,1,0.0
1,2,1,14.4064898688
2,3,1,0.0022874963469
3,4,1,0.0
