,srcapp,port,demand
0,1,1,0.0
1,2,1,0.389504829752
2,3,1,9.26437052997
3,4,1,0.0
