,srcapp,port,demand
0,1,1,0.0
1,2,1,4.7508244007
2,3,1,16.4855706532
3,4,1,0.0
