,srcapp,port,demand
0,1,1,0.0
1,2,1,15.4633010416
2,3,1,17.4085537145
3,4,1,0.0
