,srcapp,port,demand
0,1,1,0.0
1,2,1,10.6117351121
2,3,1,3.83041573895
3,4,1,0.0
