,srcapp,port,demand
0,1,1,0.0
1,2,1,15.2249943335
2,3,1,4.93875946333
3,4,1,0.0
