,srcapp,port,demand
0,1,1,0.0
1,2,1,5.7821931958
2,3,1,14.4193269366
3,4,1,0.0
