,srcapp,port,demand
0,1,1,0.0
1,2,1,18.9392520763
2,3,1,15.3091951879
3,4,1,0.0
