,srcapp,port,demand
0,1,1,0.0
1,2,1,13.990240999
2,3,1,19.9973458525
3,4,1,0.0
