,srcapp,port,demand
0,1,1,0.0
1,2,1,11.2247920466
2,3,1,2.49934184018
3,4,1,0.0
