,srcapp,port,demand
0,1,1,0.0
1,2,1,5.69811930455
2,3,1,1.46512776167
3,4,1,0.0
