,srcapp,port,demand
0,1,1,0.0
1,2,1,19.1621113304
2,3,1,15.4062586444
3,4,1,0.0
