,srcapp,port,demand
0,1,1,0.0
1,2,1,7.45422309951
2,3,1,11.10257556
3,4,1,0.0
