,srcapp,port,demand
0,1,1,0.0
1,2,1,15.6020092105
2,3,1,1.85407510668
3,4,1,0.0
