,srcapp,port,demand
0,1,1,0.0
1,2,1,1.10732080224
2,3,1,15.7706975497
3,4,1,0.0
