,srcapp,port,demand
0,1,1,0.0
1,2,1,19.0142861282
2,3,1,14.6398788362
3,4,1,0.0
