,srcapp,port,demand
0,1,1,0.0
1,2,1,2.0959220874
2,3,1,14.8928096336
3,4,1,0.0
