,srcapp,port,demand
0,1,1,0.0
1,2,1,12.6966741211
2,3,1,4.98086183031
3,4,1,0.0
