,srcapp,port,demand
0,1,1,0.0
1,2,1,4.94123663924
2,3,1,18.5267027012
3,4,1,0.0
