,srcapp,port,demand
0,1,1,0.0
1,2,1,17.4146461235
2,3,1,4.13438310679
3,4,1,0.0
