,srcapp,port,demand
0,1,1,0.0
1,2,1,6.63959610602
2,3,1,16.4245824612
3,4,1,0.0
