,srcapp,port,demand
0,1,1,0.0
1,2,1,15.5983758448
2,3,1,8.76818462882
3,4,1,0.0
