,srcapp,port,demand
0,1,1,0.0
1,2,1,19.3708132564
2,3,1,17.3838908043
3,4,1,0.0
