,srcapp,port,demand
0,1,1,0.0
1,2,1,14.8009939303
2,3,1,5.2663003037
3,4,1,10.6747878676
4,5,1,0.0
