,srcapp,port,demand
0,1,1,0.0
1,2,1,10.463266828
2,3,1,11.0140291316
3,4,1,0.912039002656
4,5,1,0.0
