,srcapp,port,demand
0,1,1,0.0
1,2,1,9.63362123527
2,3,1,8.41076070629
3,4,1,17.1836399704
4,5,1,0.0
