,srcapp,port,demand
0,1,1,0.0
1,2,1,11.6455385735
2,3,1,5.57677881402
3,4,1,3.7182246418
4,5,1,0.0
