,srcapp,port,demand
0,1,1,0.0
1,2,1,10.3878295861
2,3,1,15.3659532308
3,4,1,15.7844147234
4,5,1,0.0
