,srcapp,port,demand
0,1,1,0.0
1,2,1,7.6149697927
2,3,1,13.2609581067
3,4,1,3.27301452206
4,5,1,0.0
