,srcapp,port,demand
0,1,1,0.0
1,2,1,8.99950842102
2,3,1,8.21881605993
3,4,1,5.20599381774
4,5,1,0.0
