,srcapp,port,demand
0,1,1,0.0
1,2,1,12.0322842474
2,3,1,19.0436133481
3,4,1,2.86346895442
4,5,1,0.0
