,srcapp,port,demand
0,1,1,0.0
1,2,1,9.28196348609
2,3,1,3.85590057914
3,4,1,11.6378975376
4,5,1,0.0
