,srcapp,port,demand
0,1,1,0.0
1,2,1,15.9579804257
2,3,1,16.408037598
3,4,1,2.4409973366
4,5,1,0.0
