,srcapp,port,demand
0,1,1,0.0
1,2,1,12.1813307856
2,3,1,2.66781928372
3,4,1,4.81179239931
4,5,1,0.0
