,srcapp,port,demand
0,1,1,0.0
1,2,1,10.9908945369
2,3,1,5.6289460391
3,4,1,1.54579132158
4,5,1,0.0
