,srcapp,port,demand
0,1,1,0.0
1,2,1,17.8314653436
2,3,1,5.69722334948
3,4,1,5.97952754918
4,5,1,0.0
