,srcapp,port,demand
0,1,1,0.0
1,2,1,10.037491843
2,3,1,9.91546586268
3,4,1,2.67659057919
4,5,1,0.0
