,srcapp,port,demand
0,1,1,0.0
1,2,1,14.3037873274
2,3,1,12.0552675214
3,4,1,10.8976636599
4,5,1,8.47309598678
5,6,1,0.0
