,srcapp,port,demand
0,1,1,0.0
1,2,1,0.415038987188
2,3,1,12.6729646985
3,4,1,14.9760776508
4,5,1,9.97014024605
5,6,1,0.0
