,srcapp,port,demand
0,1,1,0.0
1,2,1,3.57791849842
2,3,1,1.08726428613
3,4,1,7.23076892176
4,5,1,5.50801857213
5,6,1,0.0
