,srcapp,port,demand
0,1,1,0.0
1,2,1,10.1090674747
2,3,1,17.5720294184
3,4,1,3.63680450743
4,5,1,17.0446613735
5,6,1,0.0
