,srcapp,port,demand
0,1,1,0.0
1,2,1,0.518524636558
2,3,1,10.9932495576
3,4,1,8.70644785237
4,5,1,8.40735604175
5,6,1,0.0
