,srcapp,port,demand
0,1,1,0.0
1,2,1,17.9542745582
2,3,1,17.8306145895
3,4,1,16.3167495462
4,5,1,0.717791712337
5,6,1,0.0
