,srcapp,port,demand
0,1,1,0.0
1,2,1,5.7821931958
2,3,1,14.4193269366
3,4,1,0.432324998319
4,5,1,4.11845530535
5,6,1,0.0
