,srcapp,port,demand
0,1,1,0.0
1,2,1,16.2916748099
2,3,1,14.707945804
3,4,1,17.3600639976
4,5,1,7.66761545745
5,6,1,0.0
