,srcapp,port,demand
0,1,1,0.0
1,2,1,14.1629564524
2,3,1,5.81809477826
3,4,1,10.216552104
4,5,1,17.858939087
5,6,1,0.0
