,srcapp,port,demand
0,1,1,0.0
1,2,1,6.1669921393
2,3,1,4.62974090071
3,4,1,5.54849103512
4,5,1,16.3446962381
5,6,1,0.0
