,srcapp,port,demand
0,1,1,0.0
1,2,1,17.1941569318
2,3,1,18.8839927161
3,4,1,14.0564978722
4,5,1,12.6726819434
5,6,1,0.0
