,srcapp,port,demand
0,1,1,0.0
1,2,1,10.9446449835
2,3,1,19.4536871993
3,4,1,14.2963198735
4,5,1,13.9545764919
5,6,1,0.0
