,srcapp,port,demand
0,1,1,0.0
1,2,1,19.4896618887
2,3,1,14.57469267
3,4,1,7.02935611785
4,5,1,14.1521027652
5,6,1,0.0
