,srcapp,port,demand
0,1,1,0.0
1,2,1,4.94123663924
2,3,1,18.5267027012
3,4,1,17.8320687656
4,5,1,13.6655351995
5,6,1,0.0
